,Unnamed: 0,deputado_id,nome,idLegislaturaFinal,nomeCivil,siglaSexo,ufNascimento,municipioNascimento,betweenness_centrality
1,2842,66179,Norma Ayub,56,NORMA AYUB ALVES,F,ES,Vitoria,0.0
2,2845,66828,Fausto Pinato,56,FAUSTO RUY PINATO,M,SP,Fernandopolis,0.0
3,2847,67138,Iracema Portella,56,IRACEMA MARIA PORTELLA NUNES NOGUEIRA LIMA,F,PI,Teresina,0.0
4,2852,68720,Fabio Henrique,56,FABIO HENRIQUE SANTANA DE CARVALHO,M,SE,Simao Dias,0.0
5,2854,69871,Bacelar,56,JOAO CARLOS BACELAR BATISTA,M,BA,Esplanada,0.0
6,2856,72442,Felipe Carreras,56,FELIPE AUGUSTO LYRA CARRERAS,M,PE,Recife,0.0
7,2876,73433,Arlindo Chinaglia,56,ARLINDO CHIGNALIA JUNIOR,M,SP,Serra Azul,0.0
8,2884,73441,Celso Russomanno,56,CELSO UBIRAJARA RUSSOMANNO,M,SP,Sao Paulo,0.0
9,2903,73460,Gustavo Fruet,56,GUSTAVO BONATO FRUET,M,PR,Curitiba,0.0
10,2909,73466,Rubens Bueno,56,RUBENS BUENO,M,PR,Sertanopolis,0.0
11,2925,73482,Henrique Fontana,56,HENRIQUE FONTANA JUNIOR,M,RS,Porto Alegre,0.0
12,2929,73486,Pompeo de Mattos,56,DARCI POMPEO DE MATTOS,M,RS,Santo Augusto,0.0
13,2942,73531,Ivan Valente,56,IVAN VALENTE,M,SP,Sao Paulo,0.0
14,2997,73586,Julio Delgado,56,JULIO CESAR DELGADO,M,MG,Juiz de Fora,0.0
15,3015,73604,Rui Falcao,56,RUI GOETHE DA COSTA FALCAO,M,MG,Pitangui,0.0
18,3079,73696,Angela Amin,56,ANGELA REGINA HEINZEN AMIN HELOU,F,SC,Indaial,0.0
19,3084,73701,Benedita da Silva,56,BENEDITA SOUZA DA SILVA SAMPAIO,F,RJ,Rio de Janeiro,0.0
20,3140,73772,Hermes Parcianello,56,HERMES PARCIANELLO,M,PR,Goioere,0.0
21,3156,73788,Ricardo Barros,56,RICARDO JOSE MAGALHAES BARROS,M,PR,Maringa,0.0
22,3169,73801,Renildo Calheiros,56,RENILDO VASCONCELOS CALHEIROS,M,AL,Murici,0.0
23,3176,73808,Sergio Brito,56,SERGIO LUIS LACERDA BRITO,M,BA,Vitoria da Conquista,0.0
24,3239,73891,Darcisio Perondi,56,DARCISIO PAULO PERONDI,M,RS,Ijui,0.0
25,3291,73943,Perpetua Almeida,56,MARIA PERPETUA DE ALMEIDA,F,AC,Porto Walter,0.0
27,3387,74043,Wellington Roberto,56,JOSE WELLINGTON ROBERTO,M,PB,Sao Jose de Piranhas,0.0
28,3388,74044,Wilson Santiago,56,JOSE WILSON SANTIAGO,M,PB,Uirauna,0.0005011350469779257
29,3396,74052,Bosco Costa,56,JOAO BOSCO DA COSTA,M,SE,Itabaiana,0.0
30,3401,74057,Alice Portugal,56,ALICE MAZZUCO PORTUGAL,F,BA,Salvador,0.0
31,3404,74060,Daniel Almeida,56,DANIEL GOMES DE ALMEIDA,M,BA,Mairi,0.0
32,3419,74075,Elcione Barbalho,56,ELCIONE THEREZINHA ZAHLUTH BARBALHO,F,PA,Belem,0.0
33,3423,74079,Jose Priante,56,JOSE BENITO PRIANTE JUNIOR,M,PA,Belem,0.0
34,3434,74090,Atila Lins,56,ATILA SIDNEY LINS ALBUQUERQUE,M,AM,Fonte Boa,0.0
36,3500,74156,Leonardo Monteiro,56,JOSE LEONARDO COSTA MONTEIRO,M,MG,Governador Valadares,0.0
37,3502,74158,Mario Heringer,56,MARIO LUCIO HERINGER,M,MG,Manhumirim,0.0
38,3503,74159,Odair Cunha,56,ODAIR JOSE DA CUNHA,M,SP,Piedade,0.0
39,3504,74160,Patrus Ananias,56,PATRUS ANANIAS DE SOUSA,M,MG,Bocaiuva,0.0
40,3505,74161,Reginaldo Lopes,56,REGINALDO LAZARO DE OLIVEIRA LOPES,M,MG,Bom Sucesso,0.0
41,3544,74200,Gastao Vieira,56,GASTAO DIAS VIEIRA,M,MA,Sao Luis,0.0
42,3556,74212,Anibal Gomes,56,ANIBAL FERREIRA GOMES,M,RJ,Rio de Janeiro,0.0
43,3606,74262,Carlos Sampaio,56,CARLOS HENRIQUE FOCESI SAMPAIO,M,SP,Campinas,0.0
44,3614,74270,Gilberto Nascimento,56,GILBERTO NASCIMENTO SILVA,M,SP,Sao Paulo,0.00010770634589769188
45,3617,74273,Jefferson Campos,56,JEFFERSON ALVES DE CAMPOS,M,SP,Ourinhos,0.0
46,3627,74283,Vicentinho,56,VICENTE PAULO DA SILVA,M,RN,Santa Cruz,0.0
47,3643,74299,Leonidas Cristino,56,JOSE LEONIDAS DE MENEZES CRISTINO,M,CE,Coreau,0.0
48,3649,74305,Roberto Pessoa,56,ROBERTO SOARES PESSOA,M,CE,Fortaleza,0.0
49,3660,74317,Julio Cesar,56,JULIO CESAR DE CARVALHO LIMA,M,PI,Guadalupe,0.00017047125775502625
50,3662,74319,Paes Landim,56,JOSE FRANCISCO PAES LANDIM,M,PI,Sao Joao do Piaui,0.0
51,3695,74352,Nilson Pinto,56,NILSON PINTO DE OLIVEIRA,M,PA,Belem,0.0
52,3699,74356,Silas Camara,56,SILAS CAMARA,M,AC,Rio Branco,0.0
53,3709,74366,Joao Campos,56,JOAO CAMPOS DE ARAUJO,M,TO,Peixe,0.0
54,3714,74371,Rubens Otoni,56,RUBENS OTONI GOMIDE,M,GO,Goianesia,0.0
56,3719,74376,Vander Loubet,56,VANDER LUIZ DOS SANTOS LOUBET,M,MS,Porto Murtinho,0.0
57,3726,74383,Giacobo,56,FERNANDO LUCIO GIACOBO,M,PR,Pato Branco,0.0
58,3741,74398,Maria do Rosario,56,MARIA DO ROSARIO NUNES,F,RS,Veranopolis,0.0
59,3742,74399,Onyx Lorenzoni,56,ONYX DORNELLES LORENZONI,M,RS,Porto Alegre,0.0
60,3743,74400,Paulo Pimenta,56,PAULO ROBERTO SEVERO PIMENTA,M,RS,Santa Maria,0.000536713787355515
61,3762,74419,Gonzaga Patriota,56,LUIZ GONZAGA PATRIOTA,M,PE,Sertania,0.0
62,3782,74439,Wolney Queiroz,56,WOLNEY QUEIROZ MACIEL,M,PE,Caruaru,0.0
63,3802,74459,Atila Lira,56,ATILA FREITAS LIRA,M,PI,Piripiri,0.0
64,3810,74467,Damiao Feliciano,56,DAMIAO FELICIANO DA SILVA,M,PB,Campina Grande,0.0
65,3814,74471,Andre de Paula,56,ANDRE CARLOS ALVES DE PAULA FILHO,M,PE,Recife,0.0
66,3821,74478,Luciano Bivar,56,LUCIANO CALDAS BIVAR,M,PE,Recife,0.0
67,3861,74537,Claudio Cajado,56,CLAUDIO CAJADO SAMPAIO,M,BA,Salvador,0.0
68,3878,74554,Jose Rocha,56,JOSE ALVES ROCHA,M,BA,Coribe,0.0
69,3895,74571,Nelson Pellegrino,56,NELSON VICENTE PORTELA PELLEGRINO,M,BA,Salvador,0.0
70,3898,74574,Paulo Magalhaes,56,PAULO SERGIO PARANHOS DE MAGALHAES,M,BA,Salvador,5.93939866022745e-06
71,3909,74585,Lincoln Portela,56,LINCOLN DINIZ PORTELA,M,MG,Belo Horizonte,0.0
72,3934,74646,Aecio Neves,56,AECIO NEVES DA CUNHA,M,MG,Belo Horizonte,0.004948337764982121
73,3943,74655,Eduardo Barbosa,56,EDUARDO LUIZ BARROS BARBOSA,M,MG,Para de Minas,0.0
74,3981,74693,Rodrigo Maia,56,RODRIGO FELINTO IBARRA EPITACIO MAIA,M,,Santiago,0.0
75,4003,74749,Mauro Lopes,56,MAURO RIBEIRO LOPES,M,MG,Entre Folhas,0.0
76,4038,74784,Luiza Erundina,56,LUIZA ERUNDINA DE SOUSA,F,PB,Uirauna,0.0
78,4091,74848,Jandira Feghali,56,JANDIRA FEGHALI,F,PR,Curitiba,0.0027203833668658717
79,4107,75431,Mauricio Dziedricki,56,MAURICIO ALEXANDRE DZIEDRICKI,M,PR,Curitiba,0.0
80,4110,76874,Marcelo Freixo,56,MARCELO RIBEIRO FREIXO,M,RJ,Niteroi,0.0
81,4114,81055,Marcio Jerry,56,MARCIO JERRY SARAIVA BARROSO,M,MA,Colinas,0.0
82,4116,81297,Dra. Soraya Manato,56,SORAYA DE SOUZA MANNATO,F,ES,Linhares,0.0
83,4123,90201,Pedro Augusto Bezerra,56,PEDRO AUGUSTO GEROMEL BEZERRA DE MENEZES,M,CE,Juazeiro do Norte,3.0301799658397255e-05
84,4124,90842,Santini,56,RONALDO SANTINI,M,RS,Lagoa Vermelha,0.0
85,4126,92102,Leur Lomanto Junior,56,LEUR ANTONIO DE BRITTO LOMANTO JUNIOR,M,BA,Salvador,0.0
86,4127,92346,Eduardo Bolsonaro,56,EDUARDO NANTES BOLSONARO,M,RJ,Rio de Janeiro,0.0
87,4129,92699,Fernando Monteiro,56,FERNANDO MONTEIRO DE ALBUQUERQUE,M,PE,Recife,0.0
88,4130,92776,Stefano Aguiar,56,STEFANO AGUIAR DOS SANTOS,M,MG,Belo Horizonte,0.0
89,4131,93083,Caca Leao,56,CARLOS FELIPE VAZQUEZ DE SOUZA LEAO,M,BA,Salvador,0.0
90,4136,98057,Lafayette de Andrada,56,LAFAYETTE LUIZ DOORGAL DE ANDRADA,M,MG,Belo Horizonte,0.004951701744018089
91,4141,107283,Gleisi Hoffmann,56,GLEISI HELENA HOFFMANN,F,PR,Curitiba,0.0
92,4142,108338,Jaqueline Cassol,56,DIRLAINE JAQUELINE CASSOL,F,SC,Sao Miguel do Oeste,0.0
93,4145,109429,Benes Leocadio,56,LUIZ BENES LEOCADIO DE ARAUJO,M,RN,Santana do Matos,0.0
94,4146,112437,Joao Marcelo Souza,56,JOAO MARCELO SANTOS SOUZA,M,MA,Sao Luis,0.0
95,4150,115746,Gelson Azevedo,56,GELSON DE AZEVEDO ALMEIDA,M,RJ,Campos dos Goytacazes,0.0
96,4152,116379,Darci de Matos,56,DARCI DE MATOS,M,PR,Cafelandia,0.0
97,4157,121948,Adriano do Baldy,56,ADRIANO ANTONIO AVELAR,M,GO,Goias,0.0
98,4158,122158,Pedro Paulo,56,PEDRO PAULO CARVALHO TEIXEIRA,M,RJ,Rio de Janeiro,0.002643000812063568
99,4160,122466,Ronaldo Martins,56,RONALDO MANCHADO MARTINS,M,SP,Sao Paulo,0.0
100,4161,122974,Pedro Lucas Fernandes,56,PEDRO LUCAS ANDRADE FERNANDES RIBEIRO,M,MA,Sao Luis,2.529746543955281e-05
102,6190,132504,Enio Verri,56,ENIO JOSE VERRI,M,PR,Maringa,0.0
103,6199,133439,Andre Figueiredo,56,ANDRE PEIXOTO FIGUEIREDO LIMA,M,CE,Fortaleza,0.0031156591645204344
104,6204,133810,Marcelo Moraes,56,MARCELO PIRES MORAES,M,RS,Porto Alegre,0.0
105,6333,133968,Paulo Ramos,56,Paulo Sergio Ramos Barboza,M,RJ,Rio de Janeiro,0.0006053800139587865
106,6366,134812,Edmilson Rodrigues,56,EDMILSON BRITO RODRIGUES,M,PA,Belem,0.0
107,6368,135054,Cristiano Vale,56,CRISTIANO DUTRA VALE,M,MG,Manhuacu,0.0
108,6372,136811,Afonso Hamm,56,JOSE ALFONSO EBERT HAMM,M,RS,Hulha Negra,0.00013795379558566594
109,6373,137070,Vicentinho Junior,56,VICENTE ALVES DE OLIVEIRA JUNIOR,M,GO,Goiania,0.0
110,6541,139285,Lidice da Mata,56,LIDICE DA MATA E SOUZA,F,BA,Cachoeira,0.0
111,6647,141335,Beto Faro,56,JOSE ROBERTO OLIVEIRA FARO,M,PA,Bujaru,0.0
112,6671,141391,Arnaldo Jardim,56,ARNALDO CALIL PEREIRA JARDIM,M,SP,Altinopolis,0.0
113,6678,141398,Carlos Zarattini,56,CARLOS ALBERTO ROLIM ZARATTINI,M,SP,Sao Paulo,0.0
114,6681,141401,Carlos Bezerra,56,CARLOS GOMES BEZERRA,M,MT,Chapada dos Guimaraes,0.0
115,6685,141405,Celso Maldaner,56,CELSO MALDANER,M,SC,Chapeco,0.0001938460243071119
116,6688,141408,Cleber Verde,56,CLEBER VERDE CORDEIRO MENDES,M,MA,Santa Luzia,0.0
117,6691,141411,Dagoberto Nogueira,56,DAGOBERTO NOGUEIRA FILHO,M,SP,Sao Jose do Rio Preto,0.0
118,6697,141417,Edio Lopes,56,EDIO VIEIRA LOPES,M,SP,Presidente Epitacio,0.0
119,6701,141421,Eduardo da Fonte,56,EDUARDO HENRIQUE DA FONTE DE ALBUQUERQUE SILVA,M,PE,Recife,0.0
120,6702,141422,Efraim Filho,56,EFRAIM DE ARAUJO MORAIS FILHO,M,PB,Joao Pessoa,0.0005521255697272912
121,6707,141427,Fabio Ramalho,56,FABIO AUGUSTO RAMALHO DOS SANTOS,M,DF,Brasilia,0.0
122,6708,141428,Fabio Faria,56,FABIO SALUSTINO MESQUITA DE FARIA,M,RN,Natal,0.0
123,6711,141431,Fernando Coelho Filho,56,FERNANDO BEZERRA DE SOUZA COELHO FILHO,M,PE,Recife,0.0
124,6714,141434,Flaviano Melo,56,FLAVIANO FLAVIO BAPTISTA DE MELO,M,AC,Rio Branco,0.0
125,6719,141439,Chico D'Angelo,56,FRANCISCO JOSE D'ANGELO PINTO,M,RJ,Campos dos Goytacazes,0.0
126,6730,141450,Hugo Leal,56,HUGO LEAL MELO DA SILVA,M,MG,Ouro Fino,0.0
127,6738,141458,Joao Carlos Bacelar,56,JOAO CARLOS PAOLILO BACELAR FILHO,M,BA,Salvador,0.0
128,6739,141459,Joao Maia,56,JOAO DA SILVA MAIA,M,PB,Brejo do Cruz,0.0
129,6744,141464,Jose Airton Felix Cirilo,56,JOSE AIRTON FELIX CIRILO DA SILVA,M,CE,Aracati,0.0
130,6750,141470,Jose Guimaraes,56,JOSE NOBRE GUIMARAES,M,CE,Quixeramobim,0.0
131,6768,141488,Paulo Teixeira,56,LUIZ PAULO TEIXEIRA FERREIRA,M,SP,Aguas da Prata,0.0
132,6788,141508,Mauro Nazif,56,MAURO NAZIF RASUL,M,RJ,Barra do Pirai,0.0
133,6793,141513,Bilac Pinto,56,OLAVO BILAC PINTO NETO,M,RJ,Rio de Janeiro,0.0
134,6796,141516,Paulo Abi-Ackel,56,PAULO ABI-ACKEL,M,MG,Belo Horizonte,0.0
135,6798,141518,Paulo Pereira da Silva,56,PAULO PEREIRA DA SILVA,M,PR,Porecatu,0.0011996154570260821
136,6803,141523,Raul Henry,56,RAUL JEAN LOUIS HENRY JUNIOR,M,PE,Recife,0.0
137,6811,141531,Rodrigo de Castro,56,RODRIGO BATISTA DE CASTRO,M,MG,Vicosa,0.0
138,6831,141552,Valtenir Pereira,56,VALTENIR LUIZ PEREIRA,M,MT,Jaciara,0.0
139,6832,141553,Vanderlei Macris,56,VANDERLEI MACRIS,M,SP,Americana,0.0
140,6834,141555,Vinicius Carvalho,56,VINICIUS RAPOZO DE CARVALHO,M,RJ,Rio de Janeiro,0.0
141,6844,143084,Tiago Dimas,56,TIAGO BRAGA PEREIRA,M,MG,Uberaba,0.0
142,6847,143632,Domingos Neto,56,DOMINGOS GOMES DE AGUIAR NETO,M,CE,Fortaleza,0.0
143,6850,146307,Neri Geller,56,NERI GELLER,M,RS,Selbach,0.0
144,6853,146788,Marcelo Aro,56,MARCELO GUILHERME DE ARO FERREIRA,M,MG,Belo Horizonte,0.0
145,6862,150418,Marcio Marinho,56,MARCIO CARLOS MARINHO,M,RJ,Cabo Frio,0.0
146,6866,151208,Laercio Oliveira,56,LAERCIO JOSE DE OLIVEIRA,M,PE,Recife,0.0
147,6870,152605,Glauber Braga,56,GLAUBER DE MEDEIROS BRAGA,M,RJ,Nova Friburgo,0.0
148,6875,152610,Roberto Alves,56,BENEDITO ROBERTO ALVES FERREIRA,M,SP,Taubate,0.0
149,6879,154178,Milton Vieira,56,MILTON VIEIRA PINTO,M,SP,Iepe,0.0
150,6887,156190,Marcel van Hattem,56,MARCEL VAN HATTEM,M,RS,Sao Leopoldo,0.0
151,6889,157130,Tulio Gadelha,56,TULIO GADELHA SALES DE MELO,M,PE,Recife,0.0
152,6893,159237,Assis Carvalho,56,FRANCISCO DE ASSIS CARVALHO GONCALVES,M,PI,Oeiras,0.0
154,6909,160508,Afonso Florence,56,AFONSO BANDEIRA FLORENCE,M,BA,Salvador,0.0
155,6911,160510,Luis Tibe,56,LUIS HENRIQUE DE OLIVEIRA RESENDE,M,MG,Belo Horizonte,0.0
156,6912,160511,Alessandro Molon,56,ALESSANDRO LUCCIOLA MOLON,M,MG,Belo Horizonte,0.0
157,6913,160512,Aureo Ribeiro,56,AUREO LIDIO MOREIRA RIBEIRO,M,RJ,Duque de Caxias,0.0
159,6919,160518,Weliton Prado,56,WELITON FERNANDES PRADO,M,MG,Uberlandia,0.0
160,6922,160527,Aguinaldo Ribeiro,56,AGUINALDO VELLOSO BORGES RIBEIRO,M,PB,Campina Grande,0.0
161,6923,160528,Danilo Cabral,56,DANILO JORGE DE BARROS CABRAL,M,PE,Surubim,0.0
162,6926,160531,Jhonatan de Jesus,56,JOHNATHAN PEREIRA DE JESUS,M,RR,Boa Vista,0.0
163,6927,160532,Eli Correa Filho,56,ADRIANO ELI CORREA,M,SP,Sao Paulo,0.0
164,6929,160534,Lauriete,56,LAURIETE RODRIGUES DE JESUS,F,ES,Vila Velha,0.0
165,6930,160535,Marcon,56,DIONILSO MATEUS MARCON,M,RS,Ronda Alta,0.0
166,6933,160538,Bohn Gass,56,ELVINO JOSE BOHN GASS,M,RS,Santo Cristo,0.0
167,6936,160541,Arthur Lira,56,ARTHUR CESAR PEREIRA DE LIRA,M,AL,Maceio,0.0
168,6940,160545,Alexandre Leite,56,ALEXANDRE LEITE DA SILVA,M,SP,Sao Paulo,0.00041090398973124976
169,6947,160552,Danrlei de Deus Hinterholz,56,DANRLEI DE DEUS HINTERHOLZ,M,RS,Crissiumal,0.0
170,6948,160553,Antonio Brito,56,ANTONIO LUIZ PARANHOS RIBEIRO LEITE DE BRITO,M,BA,Salvador,0.0
171,6951,160556,Padre Joao,56,JOAO CARLOS SIQUEIRA,M,MG,Urucania,0.0
172,6953,160558,Paulo Freire Costa,56,PAULO ROBERTO FREIRE DA COSTA,M,SP,Sao Paulo,0.0
173,6954,160559,Alceu Moreira,56,ALCEU MOREIRA DA SILVA,M,RS,Osorio,0.0
174,6964,160569,Waldenor Pereira,56,WALDENOR ALVES PEREIRA FILHO,M,BA,Cacule,0.0
175,6965,160570,Jeronimo Goergen,56,JERONIMO PIZZOLOTTO GOERGEN,M,RS,Palmeira das Missoes,0.0
176,6970,160575,Erika Kokay,56,ERIKA JUCA KOKAY,F,CE,Fortaleza,0.0011913992161728287
177,6981,160587,Fabio Trad,56,FABIO RICARDO TRAD,M,MS,Campo Grande,0.0027057601308883637
178,6982,160588,Diego Andrade,56,DIEGO LEONARDO DE ANDRADE CARVALHO,M,MG,Belo Horizonte,0.0
179,6983,160589,Bruna Furlan,56,BRUNA DIAS FURLAN,F,SP,Barueri,0.0
181,6986,160592,Zeca Dirceu,56,JOSE CARLOS BECKER DE OLIVEIRA E SILVA,M,PR,Umuarama,0.0
182,6992,160598,Flavia Morais,56,FLAVIA CARREIRO ALBUQUERQUE MORAIS,F,MG,Belo Horizonte,0.0
183,6993,160599,Dimas Fabiano,56,DIMAS FABIANO TOLEDO JUNIOR,M,RJ,Macae,0.0
184,6994,160600,Arthur Oliveira Maia,56,ARTHUR DE OLIVEIRA MAIA DA SILVA,M,BA,Salvador,0.0
185,6995,160601,Pr. Marco Feliciano,56,MARCO ANTONIO FELICIANO,M,SP,Orlandia,0.0006683261130667445
186,6998,160604,Pedro Uczai,56,PEDRO FRANCISCO UCZAI,M,SC,Descanso,0.0
187,7004,160610,Valmir Assuncao,56,VALMIR CARLOS DA ASSUNCAO,M,BA,Itamaraju,0.0
188,7013,160619,Jose Nunes,56,JOSE NUNES SOARES,M,PE,Belem de Sao Francisco,0.0
190,7026,160632,Ze Silva,56,JOSE SILVA SOARES,M,MG,Iturama,0.00018109327847498605
191,7029,160635,Ruy Carneiro,56,RUY MANUEL CARNEIRO BARBOSA DE ACA BELCHIOR,M,PB,Joao Pessoa,0.0
192,7033,160639,Professora Dorinha Seabra Rezende,56,MARIA AUXILIADORA SEABRA REZENDE,F,GO,Goiania,0.0
193,7034,160640,Eros Biondini,56,EROS FERREIRA BIONDINI,M,MG,Belo Horizonte,0.0
194,7035,160641,Professora Marcivania,56,MARCIVANIA DO SOCORRO DA ROCHA FLEXA,F,AP,Macapa,0.0
195,7036,160642,Pastor Eurico,56,FRANCISCO EURICO DA SILVA,M,SP,Presidente Prudente,0.0
196,7039,160645,Luiz Carlos,56,LUIZ CARLOS GOMES DOS SANTOS JUNIOR,M,AP,Amapa,0.0
197,7045,160651,Rogerio Peninha Mendonca,56,ROGERIO MENDONCA,M,SC,Nova Trento,0.0
198,7047,160653,Roberto de Lucena,56,ROBERTO ALVES DE LUCENA,M,SP,Santa Isabel,0.0
199,7049,160655,Ricardo Izar,56,RICARDO IZAR JUNIOR,M,SP,Sao Paulo,0.0
200,7059,160665,Augusto Coutinho,56,AUGUSTO RODRIGUES COUTINHO DE MELO,M,PE,Recife,0.0
201,7060,160666,Felix Mendonca Junior,56,FELIX DE ALMEIDA MENDONCA JUNIOR,M,BA,Itabuna,0.0
202,7061,160667,Guilherme Mussi,56,GUILHERME MUSSI FERREIRA,M,PR,Curitiba,0.0
203,7063,160669,Genecias Noronha,56,GENECIAS MATEUS NORONHA,M,CE,Fortaleza,0.0
205,7067,160673,Giovani Cherini,56,GIOVANI CHERINI,M,RS,Soledade,0.0
206,7068,160674,Hugo Motta,56,HUGO MOTTA WANDERLEY DA NOBREGA,M,PB,Joao Pessoa,0.0
207,7075,160758,Domingos Savio,56,DOMINGOS SAVIO CAMPOS RESENDE,M,MG,Sao Tiago,0.0
208,7077,160976,Tiririca,56,FRANCISCO EVERARDO TIRIRICA OLIVEIRA SILVA,M,CE,Itapipoca,0.0
209,7078,161550,Emidinho Madeira,56,EMIDIO ALVES MADEIRA JUNIOR,M,MG,Nova Resende,0.0
210,7087,162332,Luiz Nishimori,56,LUIZ HILOSHI NISHIMORI,M,PR,Marialva,0.0
211,7092,164359,Delegado Waldir,56,WALDIR SOARES DE OLIVEIRA,M,PR,Jacarezinho,0.0
212,7093,164360,Carmen Zanotto,56,CARMEN EMILIA BONFA ZANOTTO,F,SC,Lages,0.0
213,7099,166402,Magda Mofatto,56,MAGDA MOFATTO HON,F,SP,Limeira,0.0
215,7116,171617,Paulao,56,PAULO FERNANDO DOS SANTOS,M,AL,Maceio,0.0
216,7118,171619,Margarida Salomao,56,MARIA MARGARIDA MARTINS SALOMAO,F,MG,Juiz de Fora,0.0
217,7122,171623,Fabio Reis,56,FABIO DE ALMEIDA REIS,M,SE,Lagarto,0.0
218,7139,177282,Subtenente Gonzaga,56,LUIZ GONZAGA RIBEIRO,M,MG,Manhuacu,0.0
219,7148,178829,Capitao Augusto,56,JOSE AUGUSTO ROSA,M,SP,Ourinhos,0.0
221,7150,178831,Andre Abdon,56,ANDRE DOS SANTOS ABDON,M,PA,Belem,0.0
222,7151,178832,Leandre,56,LEANDRE DAL PONTE,F,PR,Pato Branco,0.0
223,7152,178833,Alexandre Serfiotis,56,ALEXANDRE AUGUSTUS SERFIOTIS,M,RJ,Porto Real,0.0
224,7154,178835,Afonso Motta,56,AFONSO ANTUNES DA MOTTA,M,RS,Porto Alegre,0.0
225,7155,178836,Alan Rick,56,ALAN RICK MIRANDA,M,AC,Rio Branco,0.0
226,7158,178839,Jessica Sales,56,JESSICA ROJAS SALES,F,AC,Cruzeiro do Sul,0.0
227,7161,178842,Jhc,56,JOAO HENRIQUE HOLANDA  CALDAS,M,AL,Maceio,0.0
228,7162,178843,Marx Beltrao,56,MARX BELTRAO LIMA SIQUEIRA,M,AL,Maceio,0.0
230,7173,178854,Elmar Nascimento,56,ELMAR JOSE VIEIRA NASCIMENTO,M,BA,Campo Formoso,0.0017602998062691473
231,7176,178857,Jorge Solla,56,JORGE JOSE SANTOS PEREIRA SOLLA,M,BA,Salvador,0.0
232,7177,178858,Mario Negromonte Jr.,56,MARIO SILVIO MENDES NEGROMONTE JUNIOR,M,BA,Paulo Afonso,0.0
233,7179,178860,Paulo Azi,56,PAULO VELLOSO DANTAS AZI,M,BA,Salvador,0.0021194757914341817
234,7180,178861,Ronaldo Carletto,56,RONALDO CARLETTO,M,ES,Conceicao da Barra,0.001001289640317493
235,7182,178863,Uldurico Junior,56,ULDURICO ALENCAR PINTO,M,DF,Brasilia,0.0
236,7185,178866,Luizianne Lins,56,LUIZIANNE DE OLIVEIRA LINS,F,CE,Fortaleza,0.0
237,7190,178871,Evair Vieira de Melo,56,EVAIR VIEIRA DE MELO,M,ES,Conceicao do Castelo,0.0
238,7192,178873,Helder Salomao,56,HELDER IGNACIO SALOMAO,M,ES,Colatina,0.0
239,7193,178874,Sergio Vidigal,56,ANTONIO SERGIO ALVES VIDIGAL,M,ES,Vitoria,0.0
240,7195,178876,Celio Silveira,56,CELIO ANTONIO DA SILVEIRA,M,GO,Luziania,0.0
241,7198,178879,Lucas Vergilio,56,LUCAS DE CASTRO SANTOS,M,GO,Goiania,0.0
242,7200,178881,Aluisio Mendes,56,ALUISIO GUIMARAES MENDES FILHO,M,MG,Belo Horizonte,0.0
243,7201,178882,Andre Fufuca,56,ANDRE LUIZ CARVALHO RIBEIRO,M,MA,Santa Ines,0.0
244,7203,178884,Hildo Rocha,56,HILDO AUGUSTO DA ROCHA NETO,M,MA,Sao Luis,0.0
245,7205,178886,Juscelino Filho,56,JOSE JUSCELINO DOS SANTOS REZENDE FILHO,M,MA,Sao Luis,0.0
246,7206,178887,Rubens Pereira Junior,56,RUBENS PEREIRA E SILVA JUNIOR,M,MA,Sao Luis,0.0
247,7208,178889,Ze Carlos,56,JOSE CARLOS NUNES JUNIOR,M,MA,Sao Luis,0.0
248,7214,178895,Misael Varella,56,MISAEL ARTUR FERREIRA VARELLA,M,MG,Muriae,0.0
249,7215,178896,Newton Cardoso Jr,56,NEWTON CARDOSO JUNIOR,M,MG,Belo Horizonte,0.0
251,7227,178908,Delegado Eder Mauro,56,EDER MAURO CARDOSO BARRA,M,PA,Belem,0.0
252,7228,178909,Helio Leite,56,HELIO LEITE DA SILVA,M,PA,Castanhal,0.0020631250662962314
253,7229,178910,Joaquim Passarinho,56,JOAQUIM PASSARINHO PINTO DE SOUZA PORTO,M,PA,Belem,0.00022377012506481333
254,7231,178912,Pedro Cunha Lima,56,PEDRO OLIVEIRA CUNHA LIMA,M,PB,Campina Grande,0.0
255,7235,178916,Daniel Coelho,56,DANIEL PIRES COELHO,M,PE,Recife,0.0
256,7239,178920,Ricardo Teobaldo,56,RICARDO TEOBALDO CAVALCANTI,M,PE,Limoeiro,0.0
257,7240,178921,Sebastiao Oliveira,56,SEBASTIAO IGNACIO DE OLIVEIRA JUNIOR,M,PE,Recife,0.0
258,7241,178922,Tadeu Alencar,56,FRANCISCO TADEU BARBOSA DE ALENCAR,M,CE,Juazeiro do Norte,0.0
259,7243,178924,Capitao Fabio Abreu,56,FABIO ABREU COSTA,M,CE,Fortaleza,0.0
260,7244,178925,Rejane Dias,56,REJANE RIBEIRO SOUSA DIAS,F,PI,Teresina,0.0
261,7246,178927,Aliel Machado,56,ALIEL MACHADO BARK,M,PR,Ponta Grossa,0.0
262,7247,178928,Christiane de Souza Yared,56,CHRISTIANE DE SOUZA YARED,F,PR,Curitiba,0.0
263,7248,178929,Diego Garcia,56,DIEGO ALEXSANDER GONCALO PAULA GARCIA,M,PR,Bandeirantes,0.0
264,7249,178930,Roman,56,EVANDRO ROGERIO ROMAN,M,RS,Erval Grande,0.0
265,7250,178931,Luciano Ducci,56,LUCIANO DUCCI,M,PR,Curitiba,0.0
266,7252,178933,Sergio Souza,56,SERGIO DE SOUZA,M,PR,Ivaipora,0.0
267,7253,178934,Toninho Wandscheer,56,ANTONIO WANDSCHEER,M,PR,Foz do Iguacu,0.0
268,7256,178937,Altineu Cortes,56,ALTINEU CORTES FREITAS COUTINHO,M,RJ,Sao Goncalo,0.0
269,7258,178939,Clarissa Garotinho,56,CLARISSA BARROS ASSED MATHEUS DE OLIVEIRA,F,RJ,Campos dos Goytacazes,0.0
271,7264,178945,Rosangela Gomes,56,ROSANGELA DE SOUZA GOMES,F,RJ,Rio de Janeiro,0.0
272,7265,178946,Soraya Santos,56,SORAYA ALENCAR DOS SANTOS,F,RJ,Macae,0.0
273,7266,178947,Sostenes Cavalcante,56,SOSTENES SILVA CAVALCANTE,M,AL,Maceio,0.0
274,7267,178948,Beto Rosado,56,CARLOS ALBERTO DE SOUSA ROSADO SEGUNDO,M,RN,Mossoro,0.0
275,7270,178951,Rafael Motta,56,RAFAEL HUETE DA MOTTA,M,RN,Natal,0.0
276,7271,178952,Walter Alves,56,WALTER PEREIRA ALVES,M,RN,Natal,0.0
277,7272,178953,Expedito Netto,56,EXPEDITO GONCALVES FERREIRA NETTO,M,RO,Porto Velho,0.0
278,7273,178954,Lucio Mosquini,56,LUCIO ANTONIO MOSQUINI,M,MT,Rondonopolis,0.0
279,7275,178956,Mariana Carvalho,56,MARIANA FONSECA RIBEIRO CARVALHO DE MORAES,F,SP,Sao Paulo,0.0
280,7278,178959,Hiran Goncalves,56,HIRAN MANUEL GONCALVES DA SILVA,M,AM,Tefe,2.956933409496114e-05
281,7280,178961,Sheridan,56,SHERIDAN ESTERFANY OLIVEIRA,F,RR,Boa Vista,0.0
282,7281,178962,Carlos Gomes,56,ANTONIO CARLOS GOMES DA SILVA,M,BA,Saude,0.0
284,7283,178964,Heitor Schuch,56,HEITOR JOSE SCHUCH,M,RS,Santa Cruz do Sul,0.0
285,7285,178966,Geovania de Sa,56,Geovania de Sa,F,SC,Criciuma,0.0
286,7288,178969,Fabio Mitidieri,56,FABIO CRUZ MITIDIERI,M,SE,Aracaju,0.0
287,7289,178970,Joao Daniel,56,JOAO SOMARIVA DANIEL,M,SC,Sao Lourenco D'Oeste,0.0
288,7291,178972,Alex Manente,56,ALEX SPINELLI MANENTE,M,SP,Sao Bernardo do Campo,0.0
289,7294,178975,Baleia Rossi,56,LUIZ FELIPE BALEIA TENUTO ROSSI,M,SP,Sao Paulo,0.0
290,7296,178977,Eduardo Cury,56,EDUARDO PEDROSA CURY,M,SP,Sao Jose dos Campos,0.0
291,7300,178981,Herculano Passos,56,HERCULANO CASTILHO PASSOS JUNIOR,M,SP,Itu,0.0010391189505883664
293,7302,178983,Marcio Alvino,56,MARCIO LUIZ ALVINO DE SOUZA,M,SP,Sao Paulo,0.0
294,7303,178984,Miguel Haddad,56,MIGUEL MOUBADDA HADDAD,M,SP,Jundiai,0.0
295,7304,178985,Miguel Lombardi,56,MIGUEL LOMBARDI,M,SP,Limeira,0.0
296,7305,178986,Nilto Tatto,56,NILTO IGNACIO TATTO,M,RS,Frederico Westphalen,0.0
297,7306,178987,Orlando Silva,56,ORLANDO SILVA DE JESUS JUNIOR,M,BA,Salvador,0.0
298,7308,178989,Renata Abreu,56,RENATA HELLMEISTER DE ABREU,F,SP,Sao Paulo,0.0
299,7309,178990,Samuel Moreira,56,SAMUEL MOREIRA DA SILVA JUNIOR,M,MG,Governador Valadares,0.0006475212167782424
300,7311,178992,Vitor Lippi,56,VITOR LIPPI,M,SP,Sao Paulo,0.0
301,7312,178993,Carlos Henrique Gaguim,56,CARLOS HENRIQUE AMORIM,M,GO,Ceres,0.0
302,7313,178994,Dulce Miranda,56,DULCE FERREIRA PAGANI MIRANDA,F,MG,Pocrane,0.0
303,7315,178996,Giovani Feltes,56,GIOVANI BATISTA FELTES,M,RS,Sao Leopoldo,0.0
304,7316,178997,Moses Rodrigues,56,MOSES HAENDEL MELO RODRIGUES,M,CE,Sobral,0.0
305,7319,179000,Marcelo Alvaro Antonio,56,MARCELO HENRIQUE TEIXEIRA DIAS,M,MG,Belo Horizonte,0.0
306,7320,179001,Marcio Biolchi,56,MARCIO DELLA VALLE BIOLCHI,M,RS,Carazinho,0.0
307,7330,179587,Vitor Hugo,56,VITOR HUGO DE ARAUJO ALMEIDA,M,BA,Salvador,0.0
308,7338,188097,Merlong Solano,56,MERLONG SOLANO NOGUEIRA,M,PI,Valenca do Piaui,0.0
309,7342,191923,Flavio Nogueira,56,FLAVIO RODRIGUES NOGUEIRA,M,CE,Alto Santo,0.0
310,7348,193726,Paulo Eduardo Martins,56,PAULO EDUARDO LIMA MARTINS,M,SP,Presidente Venceslau,0.0
311,7352,194260,Nivaldo Albuquerque,56,NIVALDO FERREIRA DE ALBUQUERQUE NETO,M,AL,Maceio,0.0
312,7361,195866,Vaidon Oliveira,56,FRANCISCO VAIDON OLIVEIRA,M,CE,Acarau,0.0
313,7364,196358,Lourival Gomes,56,LOURIVAL GOMES DE ALMEIDA,M,RJ,Rio de Janeiro,0.0
314,7367,197438,Tito,56,CARLOS TITO MARQUES CORDEIRO,M,BA,Santa Maria da Vitoria,0.0
315,7368,198197,Greyce Elias,56,GREYCE DE QUEIROZ ELIAS,F,MG,Patrocinio,0.0
316,7370,198783,Emanuel Pinheiro Neto,56,EMANUEL PINHEIRO DA SILVA PRIMO,M,MT,Cuiaba,0.0
317,7378,204351,Dr. Luiz Ovando,56,LUIZ ALBERTO OVANDO,M,MS,Corumba,0.0
318,7379,204352,Camilo Capiberibe,56,CARLOS CAMILO GOES CAPIBERIBE,M,,Santiago,0.0
319,7380,204353,Aline Gurgel,56,ALINE PARANHOS VARONIL GURGEL,F,AP,Macapa,0.005944167511807271
320,7381,204354,Flavia Arruda,56,FLAVIA CAROLINA PERES,F,DF,Brasilia,0.0
321,7382,204355,Da Vitoria,56,JOSIAS MARIO DA VITORIA,M,ES,Colatina,0.0
322,7383,204356,Amaro Neto,56,AMARO ROCHA NASCIMENTO NETO,M,ES,Vitoria,0.0
323,7384,204357,Rose Modesto,56,ROSIANE MODESTO  DE OLIVEIRA,F,MS,Fatima do Sul,0.0
324,7385,204358,Beto Pereira,56,HUMBERTO REZENDE PEREIRA,M,MS,Campo Grande,0.0
325,7386,204359,Leo Moraes,56,LEONARDO BARRETO DE MORAES,M,PR,Foz do Iguacu,0.007177740732144073
326,7387,204360,Silvia Cristina,56,SILVIA CRISTINA AMANCIO CHAGAS,F,RO,Ji-Parana,0.0
327,7388,204361,Carlos Chiodini,56,CARLOS ALBERTO CHIODINI,M,SC,Jaragua do Sul,0.0
328,7389,204362,Ricardo Guidi,56,RICARDO ZANATTA GUIDI,M,SC,Criciuma,0.0
329,7390,204363,Osires Damaso,56,OSIRES RODRIGUES DAMASO,M,GO,Campinorte,0.0
330,7391,204364,Eli Borges,56,ELI DIAS BORGES,M,GO,Ipameri,0.0
331,7392,204365,Gilson Marques,56,GILSON MARQUES VIEIRA,M,SC,Rio do Sul,0.0
332,7393,204366,Rodrigo Coelho,56,RODRIGO COELHO,M,SC,Joinville,0.0
333,7394,204367,Daniel Freitas,56,DANIEL COSTA DE FREITAS,M,SC,Criciuma,0.0
334,7395,204368,Fabio Schiochet,56,FABIO LUIZ SCHIOCHET FILHO,M,SC,Jaragua do Sul,0.0
335,7396,204369,Caroline de Toni,56,CAROLINE RODRIGUES DE TONI,F,SC,Chapeco,0.004904163915259265
336,7397,204370,Celio Moura,56,CELIO ALVES DE MOURA,M,MG,Arapua,0.0
337,7398,204371,Felipe Rigoni,56,FELIPE RIGONI LOPES,M,ES,Linhares,0.0
338,7399,204372,Julio Cesar Ribeiro,56,JULIO CESAR RIBEIRO,M,SP,Sao Bernardo do Campo,0.0
339,7400,204373,Helio Costa,56,HELIO FRANCISCO DA COSTA,M,SC,Florianopolis,0.0
340,7401,204374,Bia Kicis,56,BEATRIZ KICIS TORRENTS DE SORDI,F,RJ,Resende,0.0
341,7402,204375,Leda Sadala,56,LEDA MARIA SADALA BRITO,F,PA,Almeirim,0.0
342,7403,204376,Coronel Armando,56,LUIZ ARMANDO SCHROEDER REIS,M,RJ,Resende,0.0
343,7404,204377,Paula Belmonte,56,PAULA MORENO PARO BELMONTE,F,SP,SAO PAULO,0.0
344,7405,204378,Coronel Chrisostomo,56,JOAO CHRISOSTOMO DE MOURA,M,AM,Tefe,0.0
345,7406,204379,Acacio Favacho,56,ACACIO DA SILVA FAVACHO NETO,M,AP,Macapa,0.0
346,7407,204380,Celina Leao,56,CELINA LEAO HIZIM FERREIRA,F,GO,Goiania,0.0
347,7408,204381,Luis Miranda,56,LUIS CLAUDIO FERNANDES MIRANDA,M,DF,Brasilia,0.0
348,7409,204382,Loester Trutis,56,LOESTER CARLOS GOMES DE SOUZA,M,MS,Campo Grande,0.0
349,7410,204383,Professor Israel Batista,56,ISRAEL MATOS BATISTA,M,DF,Brasilia,0.0
351,7412,204385,Valdevan Noventa,56,Jose Valdevan de Jesus Santos,M,SE,Estancia,0.0
352,7413,204386,Jose Mario Schreiner,56,JOSE MARIO SCHREINER,M,SC,Porto Uniao,0.0
353,7414,204387,Sargento Fahur,56,GILSON CARDOSO FAHUR,M,PR,Londrina,0.0
354,7415,204388,Bibo Nunes,56,ALCIBIO MESQUITA BIBO NUNES,M,RS,Cruz Alta,0.0
355,7416,204389,Elias Vaz,56,ELIAS VAZ DE ANDRADE,M,GO,Goiania,0.0033891114966792487
356,7417,204390,Professor Alcides,56,ALCIDES RIBEIRO FILHO,M,BA,Remanso,0.0
357,7418,204391,Jose Nelto,56,JOSE NELTO LAGARES DAS MERCEZ,M,MG,Tiros,0.0
358,7419,204392,Francisco Jr.,56,FRANCISCO RODRIGUES VALE JUNIOR,M,GO,Goiania,0.0
359,7420,204393,Frei Anastacio Ribeiro,56,ANTONIO RIBEIRO,M,PB,Esperanca,0.0
360,7421,204394,Gervasio Maia,56,GERVASIO AGRIPINO MAIA,M,SP,Sao Paulo,0.0
361,7422,204395,Pedro Lupion,56,PEDRO DEBONI LUPION MELLO,M,PR,Curitiba,0.0008017610771983883
362,7423,204396,Vermelho,56,NELSI COGUETTO MARIA,M,PR,Francisco Beltrao,0.0
363,7424,204397,Boca Aberta,56,EMERSON MIGUEL PETRIV,M,PR,Londrina,0.0
364,7425,204398,Felipe Francischini,56,LUIS FELIPE BONATTO FRANCISCHINI,M,PR,Curitiba,0.0
365,7426,204399,Schiavinato,56,JOSE CARLOS SCHIAVINATO,M,PR,Iguaracu,0.0
366,7427,204400,Aline Sleutjes,56,ALINE SLEUTJES,F,PR,Castro,0.0
367,7428,204403,Marlon Santos,56,MARLON ARATOR SANTOS DA ROSA,M,RS,Cachoeira do Sul,0.0
368,7429,204404,Lucas Redecker,56,LUCAS BELLO REDECKER,M,RS,Novo Hamburgo,0.0
369,7430,204405,Liziane Bayer,56,LIZIANE BAYER DA COSTA,F,RS,Sao Pedro do Sul,0.0
370,7431,204406,Pedro Westphalen,56,PEDRO BANDARRA WESTPHALEN,M,RS,Cruz Alta,0.0
371,7432,204407,Fernanda Melchionna,56,FERNANDA MELCHIONNA E SILVA,F,RS,Alegrete,0.0
372,7433,204408,Gustinho Ribeiro,56,LUIZ AUGUSTO CARVALHO RIBEIRO FILHO,M,SE,Aracaju,0.0
373,7434,204409,Daniel Trzeciak,56,DANIEL TRZECIAK DUARTE,M,RS,Dom Feliciano,0.0
374,7435,204410,Luisa Canziani,56,LUISA CANZIANI DOS SANTOS SILVEIRA,F,PR,Londrina,0.0
375,7436,204411,Filipe Barros,56,FILIPE BARROS BAPTISTA DE TOLEDO RIBEIRO,M,PR,Londrina,0.0
376,7437,204412,Dr. Zacharias Calil,56,ZACARIAS CALIL HAMU,M,GO,Goiania,0.0
377,7438,204413,Alcides Rodrigues,56,ALCIDES RODRIGUES FILHO,M,GO,Santa Helena de Goias,0.0
378,7439,204414,Aroldo Martins,56,JOSE AROLDO SOUZA MARTINS,M,SP,Sao Paulo,0.0
379,7440,204415,Nereu Crispim,56,NEREU CRISPIM,M,RS,Porto Alegre,0.0
380,7441,204416,Sanderson,56,UBIRATAN ANTUNES SANDERSON,M,RS,Erechim,0.0
381,7442,204418,Luizao Goulart,56,LUIZ GOULARTE ALVES,M,PR,Jandaia do Sul,0.0010522313155277943
382,7443,204419,Glaustin da Fokus,56,GLAUSKSTON BATISTA RIOS,M,GO,Goiania,0.0
383,7444,204420,Julian Lemos,56,GULLIEM CHARLES BEZERRA LEMOS,M,PB,Campina Grande,0.0
384,7445,204421,Edna Henrique,56,EDNACE ALVES SILVESTRE HENRIQUE,F,BA,Xique-Xique,0.0
385,7446,204422,Ossesio Silva,56,OSSESIO JOSE DA SILVA,M,RJ,Rio de Janeiro,0.0
386,7447,204423,Andre Ferreira,56,ANDRE FERREIRA RODRIGUES,M,PE,Recife,0.0
387,7448,204425,Silvio Costa Filho,56,SILVIO SERAFIM COSTA FILHO,M,PE,Recife,0.0
388,7449,204426,Carlos Veras,56,JOSE CARLOS VERAS DOS SANTOS,M,PE,Tabira,0.0
389,7450,204427,Fernando Rodolfo,56,FERNANDO RODOLFO TENORIO DE VASCONCELOS,M,PE,Garanhuns,0.0
390,7451,204428,Marilia Arraes,56,MARILIA VALENCA ROCHA ARRAES DE ALENCAR,F,PE,Recife,0.0
391,7452,204429,Joao H. Campos,56,JOAO HENRIQUE DE ANDRADE LIMA CAMPOS,M,PE,Recife,0.0
392,7453,204430,Margarete Coelho,56,MARGARETE DE CASTRO COELHO,F,PI,Sao Raimundo Nonato,0.0006112861286126646
393,7454,204431,Marcos Aurelio Sampaio,56,MARCOS AURELIO  PADUA RIBEIRO GONCALVES DE SAMPAIO,M,PI,Teresina,0.0
394,7455,204432,Marina Santos,56,MARINA SANTOS BATISTA DIAS,F,PI,Picos,0.0
395,7456,204433,Marcelo Calero,56,MARCELO CALERO FARIA GARCIA,M,RJ,Rio de Janeiro,0.0
396,7457,204434,Dra. Vanda Milani,56,VANDA DENIR MILANI NOGUEIRA,F,SP,Cedral,0.0
397,7458,204435,Jesus Sergio,56,JESUS SERGIO DE MENEZES,M,AC,Tarauaca,0.0
398,7459,204436,Isnaldo Bulhoes Jr.,56,ISNALDO BULHOES BARROS JUNIOR,M,AL,Maceio,0.0
399,7460,204437,Severino Pessoa,56,SEVERINO DE LIRA PESSOA,M,AL,Arapiraca,0.0
400,7461,204438,Sergio Toledo,56,SERGIO TOLEDO DE ALBUQUERQUE,M,AL,Maceio,0.0
401,7462,204439,Dr. Leonardo,56,LEONARDO RIBEIRO ALBUQUERQUE,M,GO,Rio Verde,0.0
402,7463,204440,Christino Aureo,56,CHRISTINO AUREO DA SILVA,M,RJ,Macae,0.0
403,7464,204441,Otoni de Paula,56,OTONI MOURA DE PAULO JUNIOR,M,RJ,Rio de Janeiro,0.0
404,7465,204442,Gurgel,56,JOAO CARLOS SOARES GURGEL,M,RJ,Rio de Janeiro,0.0
406,7467,204444,Helio Lopes,56,HELIO FERNANDO BARBOSA LOPES,M,RJ,Queimados,0.0
408,7469,204446,Professor Joziel,56,JOZIEL FERREIRA CARLOS,M,RJ,Duque de Caxias,0.0
409,7470,204447,Flordelis,56,FLORDELIS DOS SANTOS DE SOUZA,F,RJ,Rio de Janeiro,0.0
410,7471,204448,Luiz Antonio Correa,56,LUIZ ANTONIO DA COSTA CARVALHO CORREA DA SILVA,M,RJ,Rio de Janeiro,0.0
411,7472,204449,Nelson Barbudo,56,NELSON NED PREVIDENTE,M,SP,Poloni,0.0
412,7473,204450,Dr. Luiz Antonio Teixeira Jr.,56,LUIZ ANTONIO DE SOUZA TEIXEIRA JUNIOR,M,RJ,Nova Iguacu,0.0
413,7474,204451,Delegado Antonio Furtado,56,ANTONIO DA LUZ FURTADO,M,RJ,Rio de Janeiro,0.0
414,7475,204452,Marcio Labre,56,MARCIO DA SILVEIRA LABRE,M,RJ,Rio de Janeiro,0.0
415,7476,204453,Natalia Bonavides,56,NATALIA BASTOS BONAVIDES,F,RN,Natal,0.0
416,7477,204454,Daniel Silveira,56,DANIEL LUCIO DA SILVEIRA,M,RJ,Petropolis,0.0
417,7478,204455,Luiz Lima,56,LUIZ EDUARDO CARNEIRO DA SILVA DE SOUZA LIMA,M,RJ,Rio de Janeiro,0.0
418,7479,204456,Gutemberg Reis,56,GUTEMBERG REIS DE OLIVEIRA,M,RJ,Duque de Caxias,0.0
419,7480,204457,Juninho do Pneu,56,ROGERIO TEIXEIRA JUNIOR,M,RJ,Nova Iguacu,0.0
420,7481,204458,Major Fabiana,56,FABIANA SILVA DE SOUZA POUBEL,F,RJ,Rio de Janeiro,0.0
421,7482,204459,Daniela do Waguinho,56,DANIELA MOTE DE SOUZA CARNEIRO,F,RJ,Rio de Janeiro,0.0
422,7483,204460,Carlos Jordy,56,Carlos Roberto Coelho de Mattos Junior,M,RJ,Niteroi,0.0
423,7484,204461,Paulo Ganime,56,PAULO GUSTAVO GANIME ALVES TEIXEIRA,M,RJ,Rio de Janeiro,0.0
424,7485,204462,Chris Tonietto,56,CHRISTINE NOGUEIRA DOS REIS TONIETTO,F,RJ,Rio de Janeiro,0.0
425,7486,204463,Wladimir Garotinho,56,WLADIMIR BARROS ASSED MATHEUS DE OLIVEIRA,M,RJ,Rio de Janeiro,0.0
426,7487,204464,Taliria Petrone,56,TALIRIA PETRONE SOARES,F,RJ,Niteroi,0.0
427,7488,204465,Haroldo Cathedral,56,HAROLDO ALVES CAMPOS,M,MG,Itabira,0.0
428,7489,204466,Tereza Nelma,56,TEREZA NELMA DA SILVA PORTO VIANA SOARES,F,AL,Maceio,0.0
429,7490,204467,Professora Rosa Neide,56,ROSA NEIDE SANDES DE ALMEIDA,F,BA,Amargosa,0.0
430,7491,204468,Joenia Wapichana,56,JOENIA BATISTA DE CARVALHO,F,RR,Boa Vista,0.0
431,7492,204469,Manuel Marcos,56,MANUEL MARCOS CARVALHO DE MESQUITA,M,CE,Tiangua,0.0
432,7493,204471,Mara Rocha,56,CYLMARA FERNANDES DA ROCHA GRIPP,F,AC,Rio Branco,0.0
433,7494,204472,Jose Medeiros,56,JOSE ANTONIO DOS SANTOS MEDEIROS,M,RN,Caico,0.0
434,7495,204473,General Girao,56,ELIESER GIRAO MONTEIRO FILHO,M,CE,Fortaleza,0.0
435,7496,204474,Juarez Costa,56,JUAREZ ALVES DA COSTA,M,PR,Londrina,0.0
436,7497,204475,Ottaci Nascimento,56,JOSE OTACI BARROSO DO NASCIMENTO,M,AM,Eirunepe,0.0
437,7498,204476,Chiquinho Brazao,56,JOAO FRANCISCO INACIO BRAZAO,M,RJ,Rio de Janeiro,0.0025193746458048475
438,7499,204477,Felicio Laterca,56,FELICIO LATERCA DE ALMEIDA,M,RJ,Campos dos Goytacazes,0.0
439,7500,204478,Vinicius Farah,56,VINICIUS MEDEIROS FARAH,M,RJ,Tres Rios,0.0
440,7501,204479,Nicoletti,56,ANTONIO CARLOS NICOLETTI,M,RS,Ijui,0.0
441,7502,204480,Rogerio Correia,56,ROGERIO CORREIA DE MOURA BAPTISTA,M,MG,Belo Horizonte,0.00022604169006394434
442,7503,204481,Dr. Jaziel,56,JAZIEL PEREIRA DE SOUSA,M,CE,Camocim,0.0
443,7504,204482,Euclydes Pettersen,56,EUCLYDES MARCOS PETTERSEN NETO,M,MG,Governador Valadares,0.0
444,7505,204483,Vilson da Fetaemg,56,VILSON LUIZ DA SILVA,M,MG,Claudio,0.0
445,7506,204484,General Peternelli,56,ROBERTO SEBASTIAO PETERNELLI JUNIOR,M,SP,Ribeirao Preto,0.0
446,7507,204485,Luiz Carlos Motta,56,LUIZ CARLOS MOTTA,M,SP,Ribeirao Preto,0.0
447,7508,204486,Mauro Benevides Filho,56,CARLOS MAURO BENEVIDES FILHO,M,CE,Fortaleza,0.007948026070860831
448,7509,204487,Capitao Wagner,56,WAGNER SOUSA GOMES,M,SP,SAO PAULO,0.0
449,7510,204488,Celio Studart,56,CELIO STUDART BARBOSA,M,CE,Fortaleza,0.0
450,7511,204489,Roberio Monteiro,56,MARCOS ROBERIO RIBEIRO MONTEIRO,M,CE,Itarema,0.0
451,7512,204490,Charlles Evangelista,56,CHARLLES THOMACELLI EVANGELISTA,M,MG,Juiz de Fora,0.0
452,7513,204491,Gilberto Abramo,56,GILBERTO APARECIDO ABRAMO,M,SP,Porto Ferreira,0.0
453,7514,204492,Paulo Guedes,56,PAULO JOSE CARLOS GUEDES,M,MG,Manga,0.0
454,7515,204494,Fred Costa,56,FREDERICO BORGES DA COSTA,M,MG,Belo Horizonte,0.0
455,7516,204495,Airton Faleiro,56,AIRTON LUIZ FALEIRO,M,RS,Tenente Portela,0.0
456,7517,204496,Celso Sabino,56,CELSO SABINO DE OLIVEIRA,M,PA,Belem,0.0
457,7518,204497,Junior Ferrari,56,JOAO FERRARI JUNIOR,M,PA,Oriximina,0.0
458,7519,204498,Olival Marques,56,OLIVAL HENRIQUE MARQUES DE SOUZA,M,PA,Ananindeua,0.0
459,7520,204499,Cassio Andrade,56,CASSIO COELHO ANDRADE,M,BA,Salvador,0.0
460,7521,204500,Eduardo Costa,56,JOSE EDUARDO PEREIRA DA COSTA,M,PA,Belem,0.0
461,7522,204501,Alencar Santana Braga,56,ALENCAR SANTANA BRAGA,M,SP,Guarulhos,0.0
462,7523,204502,Bozzella,56,NICOLINO BOZZELLA JUNIOR,M,SP,Santos,0.0
463,7524,204503,Alexandre Padilha,56,ALEXANDRE ROCHA SANTOS PADILHA,M,SP,Sao Paulo,0.0
464,7525,204504,Cezinha de Madureira,56,ANTONIO CEZAR CORREIA FREIRE,M,BA,Ipiau,0.0
465,7526,204505,Vava Martins,56,WAGNER BACH MARTINS,M,RS,Pelotas,0.0
466,7527,204506,Marcos Pereira,56,MARCOS ANTONIO PEREIRA,M,ES,Linhares,0.0
467,7528,204507,Carla Zambelli,56,CARLA ZAMBELLI SALGADO,F,SP,Ribeirao Preto,0.0
468,7529,204508,Igor Timo,56,IGOR TARCIANO TIMO,M,MG,Virgem da Lapa,0.0
469,7530,204509,Aurea Carolina,56,AUREA CAROLINA DE FREITAS E SILVA,F,PA,Tucurui,0.0
470,7531,204510,Franco Cartafina,56,FRANCO CARTAFINA GOMES,M,MG,Uberaba,0.0
471,7532,204511,David Soares,56,DAVID BEZERRA RIBEIRO SOARES,M,RJ,Rio de Janeiro,0.0
472,7533,204512,Delegado Marcelo Freitas,56,MARCELO EDUARDO FREITAS,M,MG,Montes Claros,0.0006947259613663908
473,7534,204513,Guiga Peixoto,56,JOSE GUILHERME NEGRAO PEIXOTO,M,SP,Tatui,0.0
474,7535,204514,Coronel Tadeu,56,MARCIO TADEU ANHAIA DE LEMOS,M,SP,SAO PAULO,0.0
475,7536,204515,Andre Janones,56,ANDRE LUIS GASPAR JANONES,M,MG,Ituiutaba,0.0
476,7537,204516,Alexis Fonteyne,56,Alexis Joseph Steverlynck Fonteyne,M,SP,Campinas,0.0
477,7538,204517,Ze Vitor,56,JOSE VITOR DE RESENDE AGUIAR,M,MG,Araguari,0.0
478,7539,204518,Dr. Frederico,56,FREDERICO DE CASTRO ESCALEIRA,M,RJ,Teresopolis,0.0
479,7540,204519,Tiago Mitraud,56,TIAGO LIMA MITRAUD DE CASTRO LEITE,M,DF,Brasilia,0.0
480,7541,204520,Junio Amaral,56,GERALDO JUNIO DO AMARAL,M,MG,Belo Horizonte,0.0
481,7542,204521,Abou Anni,56,PAULO SERGIO ABOU ANNI,M,SP,Sao Paulo,0.0
482,7543,204522,Marco Bertaiolli,56,MARCO AURELIO BERTAIOLLI,M,SP,Mogi das Cruzes,0.0
483,7544,204523,Lucas Gonzalez,56,LUCAS DE VASCONCELOS GONZALEZ,M,MG,Belo Horizonte,0.0002581185480910658
484,7545,204524,Pinheirinho,56,ANTONIO PINHEIRO NETO,M,MG,Belo Horizonte,0.0
485,7546,204525,Rosana Valle,56,ROSANA DE OLIVEIRA VALLE,F,SP,Santos,0.0
486,7547,204526,Luiz Philippe de Orleans e Braganca,56,LUIZ PHILIPPE DE ORLEANS BRAGANCA,M,RJ,Rio de Janeiro,0.0
487,7548,204527,Geninho Zuliani,56,EUGENIO JOSE ZULIANI,M,SP,Ribeirao Pires,0.0014082359468550285
488,7549,204528,Adriana Ventura,56,ADRIANA MIGUEL VENTURA,F,SP,Sao Paulo,0.0
489,7550,204529,Policial Katia Sastre,56,KATIA DA SILVA SASTRE,F,SP,Sao Paulo,0.0
490,7551,204530,Rodrigo Agostinho,56,RODRIGO ANTONIO DE AGOSTINHO MENDONCA,M,SP,Cafelandia,0.0
491,7552,204531,Guilherme Derrite,56,GUILHERME MURARO DERRITE,M,SP,Sorocaba,0.0
492,7553,204532,Vinicius Poit,56,VINICIUS LAZZER POIT,M,SP,Sao Bernardo do Campo,1.3544858146821069e-05
493,7554,204533,Idilvan Alencar,56,ANTONIO IDILVAN DE LIMA ALENCAR,M,CE,Crato,0.0
494,7555,204534,Tabata Amaral,56,TABATA CLAUDIA AMARAL DE PONTES,F,SP,Sao Paulo,0.0
495,7556,204535,Samia Bomfim,56,SAMIA DE SOUZA BOMFIM,F,SP,Presidente Prudente,0.0
496,7557,204536,Kim Kataguiri,56,KIM PATROCA KATAGUIRI,M,SP,Salto,0.0
497,7558,204537,Enrico Misasi,56,ENRICO VAN BLARCUM DE GRAAFF MISASI,M,SP,Sao Paulo,0.0
498,7559,204538,Paulo Bengtson,56,PAULO EDUARDO MAESTRI BENGTSON,M,BA,Vitoria da Conquista,0.0
499,7560,204539,Hercilio Coelho Diniz,56,HERCILIO ARAUJO DINIZ FILHO,M,MG,Governador Valadares,0.0
500,7561,204540,Maria Rosas,56,MARIA DO PARTO MENDES ROSAS,F,RJ,Angra dos Reis,0.0
501,7562,204541,Eduardo Bismarck,56,EDUARDO HENRIQUE MAIA BISMARCK,M,CE,Fortaleza,0.0
502,7563,204542,Denis Bezerra,56,DENIS ANDERSON DA ROCHA BEZERRA,M,CE,Fortaleza,0.0
503,7564,204543,Luiz Flavio Gomes,56,LUIZ FLAVIO GOMES,M,SP,Sud Menucci,0.0
504,7565,204544,Alexandre Frota,56,ALEXANDRE FROTA DE ANDRADE,M,RJ,Rio de Janeiro,0.0
505,7566,204545,Ale Silva,56,ALESSANDRA DA SILVA,F,RJ,Petropolis,0.0
506,7567,204546,Joice Hasselmann,56,JOICE CRISTINA HASSELMANN,F,PR,Ponta Grossa,0.0
507,7568,204547,Leo Motta,56,ELIEL MARCIO DO CARMO,M,MG,Contagem,0.0
508,7569,204548,Heitor Freire,56,HEITOR RODRIGO PEREIRA FREIRE,M,CE,Juazeiro do Norte,0.0
509,7570,204549,AJ Albuquerque,56,ANTONIO JOSE AGUIAR ALBUQUERQUE,M,CE,Fortaleza,0.0
510,7571,204550,Junior Mano,56,ANTONIO LUIZ RODRIGUES MANO JUNIOR,M,CE,Nova Russas,0.0
511,7572,204551,Bosco Saraiva,56,JOAO BOSCO GOMES SARAIVA,M,AM,Manaus,0.0
512,7573,204552,Eduardo Braide,56,EDUARDO SALIM BRAIDE,M,MA,Sao Luis,0.0
513,7574,204553,Pastor Sargento Isidorio,56,MANOEL ISIDORIO DE SANTANA JUNIOR,M,BA,Salvador,0.0
514,7575,204554,Abilio Santana,56,JOSE ABILIO SILVA DE SANTANA,M,BA,Salvador,0.0
515,7576,204555,Jose Ricardo,56,JOSE RICARDO WENDLING,M,RS,Montenegro,0.0
516,7577,204556,Marcelo Ramos,56,MARCELO RAMOS RODRIGUES,M,AM,Manaus,0.0007376536251060139
517,7578,204557,Sidney Leite,56,SIDNEY RICARDO DE OLIVEIRA LEITE,M,AM,Manaus,0.0
518,7579,204558,Marcelo Nilo,56,JOSE MARCELO DO NASCIMENTO NILO,M,BA,Antas,0.0
519,7580,204559,Ze Neto,56,JOSE CERQUEIRA DE SANTANA NETO,M,BA,Feira de Santana,0.0
520,7581,204560,Adolfo Viana,56,ADOLFO VIANA DE CASTRO NETO,M,BA,Salvador,0.0
521,7582,204561,Bira do Pindare,56,UBIRAJARA DO PINDARE ALMEIDA SOUSA,M,MA,Pindare Mirim,0.0
522,7583,204562,Edilazio Junior,56,EDILAZIO GOMES DA SILVA JUNIOR,M,MA,Sao Luis,0.0
523,7584,204563,Josimar Maranhaozinho,56,JOSIMAR CUNHA RODRIGUES,M,CE,Varzea Alegre,0.0
524,7585,204564,Igor Kannario,56,ANDERSON MACHADO DE JESUS,M,BA,Salvador,0.0
525,7586,204565,Professora Dayane Pimentel,56,DAYANE JAMILLE CARNEIRO DOS SANTOS PIMENTEL,F,BA,Feira de Santana,0.0
526,7587,204566,Marreca Filho,56,ANTONIO DA CRUZ FILGUEIRA NETO,M,MA,Sao Luis,0.0
527,7588,204567,Raimundo Costa,56,RAIMUNDO MAGALHAES COSTA,M,BA,Valenca,0.0
528,7589,204569,Delegado Pablo,56,PABLO OLIVA SOUZA,M,AM,Manaus,0.0
529,7590,204570,Pastor Gil,56,GILDENEMIR DE LIMA SOUSA,M,MA,Sao Luis,0.0
530,7591,204571,Alex Santana,56,ALEX MARCO SANTANA SOUSA,M,BA,Salvador,0.0
531,7592,204572,Capitao Alberto Neto,56,ALBERTO BARROS CAVALCANTE NETO,M,CE,Fortaleza,0.0
532,7593,204573,Otto Alencar Filho,56,OTTO ROBERTO MENDONCA DE ALENCAR FILHO,M,BA,Salvador,0.0
533,7594,204574,Junior Lourenco,56,JOSE LOURENCO BOMFIM JUNIOR,M,MA,Sao Luis,0.0
534,7595,204575,Gil Cutrim,56,GILLIANO FRED NASCIMENTO CUTRIM,M,MA,Sao Luis,0.0
535,7596,204576,Joao Roma,56,JOAO INACIO RIBEIRO ROMA NETO,M,PE,Recife,0.0
536,7604,205476,Charles Fernandes,56,CHARLES FERNANDES SILVEIRA SANTANA,M,BA,Guanambi,0.0
537,7605,205535,Patricia Ferraz,56,PATRICIA LIMA FERRAZ,F,MG,Belo Horizonte,0.0
538,7606,205548,David Miranda,56,DAVID MICHAEL DOS SANTOS MIRANDA,M,RJ,Rio de Janeiro,0.0
539,7607,205550,Jorge Braz,56,JORGE BRAZ DE OLIVEIRA,M,MG,Palma,0.0
540,7608,205863,Marcelo Brum,56,MARCELO DE BRUM DA COSTA,M,RS,Santiago,0.0
541,7609,205865,Reinhold Stephanes Junior,56,REINHOLD STEPHANES JUNIOR,M,PR,Curitiba,0.0
542,7610,206231,Ted Conti,56,JOAO BATISTA CONTI,M,ES,Muqui,0.0
543,7611,207176,Bia Cavassa,56,BEATRIZ ROSALIA RIBEIRO CAVASSA DE OLIVEIRA,F,MS,Corumba,0.0
544,7612,207309,Eneias Reis,56,ENEIAS JOSE DOS REIS,M,MG,Coronel Fabriciano,0.0010792304078065518
545,7613,209189,Joseildo Ramos,56,JOSEILDO RIBEIRO RAMOS,M,BA,Alagoinhas,0.0
547,7615,211866,Fabiano Tolentino,56,FABIANO GALLETTI TOLENTINO,M,MG,Belo Horizonte,0.0
548,7616,212504,Fernando Borja,56,FERNANDO BORJA PINTO,M,MG,Belo Horizonte,0.0
549,7617,212625,Dr. Goncalo,56,ANTONIO ELIZABETH GONCALO DE SOUSA,M,MA,Pastos Bons,0.0
